project_name,main_category,component,test_case,Fire TV,Roku,Android TV,Apple TV,Web,Apple Mobile,Android Mobile,Smart TV,Vizio TV
KOCOWA 4.0,Content Details,Bookmarked Button,"Bookmarked Button 확인
Bookmarked Button icon 확인
Bookmarked Button focus 시 UI 확인
Bookmarked Button 선택 시 동작 확인
Bookmarked Button 기능 확인",True,True,True,True,False,False,False,True,True
KOCOWA 4.0,Content Details,Cast Section,"title text 확인
Content Cast 확인",True,True,True,True,False,False,False,True,True
KOCOWA 4.0,Content Details,Continue Watching Button,"Continue Watching Button 확인
Continue Watching Button icon 확인
Continue Watching Button stringset 확인
MOVIE Content 재생 시 Continue Watching Button stringset 확인
User Watching History 조회 확인
Continue Watching Button focus 시 UI 확인
Continue Watching Button 선택 시 동작 확인
Continue Watching Button 기능 확인
Continue Watching Button 노출 여부 확인",True,True,True,True,False,False,False,True,True
KOCOWA 4.0,Content Details,Details Section,"Content Released Year 확인
Genre text 확인
Division Line 확인
item counter 확인
item counter stringset 확인
다수일 시 item counter stringset 확인
item counter 집계 확인
item counter 노출 여부 확인
Running Time text 확인
Running Time text Stringset 확인
Continue Watching Time text 확인
Continue Watching Time text Stringset 확인",True,True,True,True,False,False,False,True,True
KOCOWA 4.0,Content Details,Director Section,"title text 확인
Content Cast 확인",True,True,True,True,False,False,False,True,True
KOCOWA 4.0,Content Details,Episodes List Screen,"Sorting Button 확인
Sorting Button stringset 확인
Sorting Button focus 시 UI 확인
Sorting Button 기능 확인
Scroll Down 동작 확인
Scroll Up 동작 확인
Scroll Down 동작 가능 여부 확인
리모컨 취소 버튼 입력 시 동작 확인
Episode Grouping List 확인
Episode Group 항목 stringset 확인
Episode Grouping 확인
Episode Group 항목 focus 시 UI 확인
Episode Group 항목 선택 시 동작 확인
Episode Group 항목 기능 확인
Episode Grouping List 노출 여부 확인
Drama Content Sorting Order 확인
Variety Content Sorting Order 확인
K-POP Content Sorting Order 확인
Episode Content 확인
Content focus 시 UI 확인
Content focus 시 동작 확인
Content 선택 시 동작 확인
Content 기능 확인
thumbnail image 확인
Progress bar 확인
Content Name 확인
Content Name stringset 확인
Cast Section title text 확인
Cast Section title text stringset 확인
Content Cast 확인
Cast Max Line 확인
Cast 생략 확인
synopsis 확인
synopsis Max Line 확인
synopsis 생략 확인
Episode 미노출 확인",True,True,True,True,False,False,False,True,True
KOCOWA 4.0,Content Details,Favorites Button,"Favorites Button 확인
Favorites Button icon 확인
Favorites Button focus 시 UI 확인
Favorites Button 선택 시 동작 확인
Favorites Button 기능 확인",True,True,True,True,False,False,False,True,True
KOCOWA 4.0,Content Details,Information Section,"Content Name 생략 확인
Comma 확인
Image 형태의 Series Content Name 확인
Text 형태의 Series Content Name 확인
Content Name text 확인
Update Cycle text 확인
주간 Update Cycle text 확인
전체 Episode 개수 노출 확인
Content name text 확인
synopsis 확인
title text 확인
Content Genre 확인
Comma 확인",True,True,True,True,False,False,False,True,True
KOCOWA 4.0,Content Details,LIKE Button,"LIKE Button icon 확인
LIKE Button focus 시 UI 확인
LIKE Button 선택 시 동작 확인
LIKE Button 기능 확인",True,True,True,True,False,False,False,True,True
KOCOWA 4.0,Content Details,LIKED Button,"LIKED Button 확인
LIKED Button icon 확인
LIKED Button focus 시 UI 확인
LIKED Button 선택 시 동작 확인
LIKED Button 기능 확인",True,True,True,True,False,False,False,True,True
KOCOWA 4.0,Content Details,More Like This Screen,"poster image 확인
poster image focus 시 UI 확인
poster image 기능 확인
poster image 갯수 확인",True,True,True,True,False,False,False,True,True
KOCOWA 4.0,Content Details,Progress Bar Area,"Progress Bar Area 노출 여부 확인
Progress Bar Area 확인
Progress Bar 확인
Filled Progress Bar UI 확인
Left Time 확인
Left Time stringset 확인",True,True,True,True,False,False,False,True,True
KOCOWA 4.0,Content Details,Rating Section,"Rating icon 확인
Content Rating icon 확인
TV-Y Rating icon 확인
TV-Y7 Rating icon 확인
TV-Y7-FV Rating icon 확인
TV-G Rating icon 확인
G Rating icon 확인
TV-PG Rating icon 확인
PG Rating icon 확인
PG-13 Rating icon 확인
TV-14 Rating icon 확인
R Rating icon 확인
TV-MA Rating icon 확인
NC-17 Rating icon 확인
title text 확인
Rating icon 확인
Content Rating icon 확인
TV-Y Rating icon 확인
TV-Y7 Rating icon 확인
TV-Y7-FV Rating icon 확인
TV-G Rating icon 확인
G Rating icon 확인
TV-PG Rating icon 확인
PG Rating icon 확인
PG-13 Rating icon 확인
TV-14 Rating icon 확인
R Rating icon 확인
TV-MA Rating icon 확인
NC-17 Rating icon 확인",True,True,True,True,False,False,False,True,True
KOCOWA 4.0,Content Details,Released Year Section,"title text 확인
Content Cast 확인",True,True,True,True,False,False,False,True,True
KOCOWA 4.0,Content Details,Running Time Section,"title text 확인
Running Time text Stringset 확인",True,True,True,True,False,False,False,True,True
KOCOWA 4.0,Content Details,Series Detailed Page,"리모컨 위 방향키 입력 시 동작 확인
리모컨 아래 방향키 입력 시 동작 확인
리모컨 좌측 방향키 입력 시 동작 확인
리모컨 우측 방향키 입력 시 동작 확인
리모컨 취소 버튼 입력 시 동작 확인
Default Setting 확인
Background image 확인",True,True,True,True,False,False,False,True,True
KOCOWA 4.0,Content Details,Sorting POP UP,"Background image 확인
Newest Button 확인
Newest Button stringset 확인
Newest Button focus 시 UI 확인
Newest Button 선택 시 동작 확인
Newest Button 기능 확인
Oldest Button 확인
Oldest Button stringset 확인
Oldest Button focus 시 UI 확인
Oldest Button 선택 시 동작 확인
Oldest Button 기능 확인",True,True,True,True,False,False,False,True,True
KOCOWA 4.0,Content Details,Subtitle Section,"title text 확인
Comma 노출 확인
Content Subtitle stringset 확인
English Subtitle 확인
English Subtitle stringset 확인
Portuguese Subtitle 확인
Portuguese Subtitle stringset 확인
Spanish Subtitle 확인
Spanish Subtitle stringset 확인
Chinese Subtitle 확인
Chinese Subtitle stringset 확인
Vietnamese Subtitle 확인
Vietnamese Subtitle stringset 확인
title text 확인
Content Subtitle 확인
Content Subtitle stringset 확인
English Subtitle 확인
English Subtitle stringset 확인
Portuguese Subtitle 확인
Portuguese Subtitle stringset 확인
Spanish Subtitle 확인
Spanish Subtitle stringset 확인
Chinese Subtitle 확인
Chinese Subtitle stringset 확인
Vietnamese Subtitle 확인
Vietnamese Subtitle stringset 확인",True,True,True,True,False,False,False,True,True
KOCOWA 4.0,Content Details,Synopsis Section,"Synopsis text 확인
Max line 적용 확인
Synopsis text 생략 여부 확인
synopsis Inform message text 확인
synopsis Inform message text stringset 확인",True,True,True,True,False,False,False,True,True
KOCOWA 4.0,Content Details,Tab Menu Area,"Tab Menu focus 시 UI 확인
Tab Menu focus 시 동작 확인
Episodes Tab Menu 확인
Episodes Tab Menu stringset 확인
Episodes Tab Menu 선택 시 동작 확인
Episodes Tab Menu 기능 확인
Episodes Tab Menu 노출 여부 확인
Trailers and More Tab Menu 확인
Trailers and More Tab Menu stringset 확인
Trailers and More Tab Menu 선택 시 동작 확인
Show Info Tab Menu 확인
Show Info Tab Menu stringset 확인
Show Info Tab Menu 선택 시 동작 확인
More Like This Tab Menu 확인
More Like This Tab Menu stringset 확인
More Like This Tab Menu 선택 시 동작 확인
More Like This Tab Menu 기능 확인",True,True,True,True,False,False,False,True,True
KOCOWA 4.0,Content Details,Trailers and more List Screen,"thumbnail image 확인
thumbnail image focus 시 UI 확인
thumbnail image 기능 확인
thumbnail image 갯수 확인
thumbnail image sorting 확인
Progress Bar 확인
Progress Bar 노출 여부 확인
Content Name text 확인
Content Name text stringset 확인
Content Name text stringset 확인
Content Name text stringset 확인",True,True,True,True,False,False,False,True,True
KOCOWA 4.0,Content Details,Watch Button,"Watch Button 확인
Watch Button stringset 확인
MOVIE Content일 시 Watch Button stringset 확인
Watch Button focus 시 UI 확인
Watch Button 기능 확인
Watch Button 노출 여부 확인",True,True,True,True,False,False,False,True,True
KOCOWA 4.0,Content Details,Watch Next Episode Button,"Watch Next Episode Button 확인
Watch Next Episode Button stringset 확인
Episode Numbering 확인
Watch Next Episode Button focus 시 UI 확인
Watch Next Episode Button 선택 시 동작 확인
Watch Next Episode Button 기능 확인",True,True,True,True,False,False,False,True,True
KOCOWA 4.0,Content Details,Writer Section,"title text 확인
Content Cast 확인",True,True,True,True,False,False,False,True,True
KOCOWA 4.0,Drama Channel Page,Content List Area,"Scroll Down 동작 확인
Scroll Up 동작 확인
poster image 확인
poster image focus 시 UI 확인
poster image 기능 확인
Content 미편성 시 동작 확인",True,True,True,True,False,False,False,True,True
KOCOWA 4.0,Drama Channel Page,Filter Button,"Default Setting 확인
Filter Button 확인
Filter Button icon 확인
Filter Button text 확인
Filter Button focus 시 UI 확인
Filter Button 기능 확인",True,True,True,True,False,False,False,True,True
KOCOWA 4.0,Drama Channel Page,Filter POP UP,"Default Setting 확인
Check icon 확인
리모컨 아래 방향키 입력 시 동작 확인
리모컨 위 방향키 입력 시 동작 확인
리모컨 우측 방향키 입력 시 focus 확인
리모컨 좌측 방향키 입력 시 동작 확인
Scroll Down 동작 확인
Scroll Up 동작 확인
Rolling 동작 확인
리모컨 취소 Button 입력 시 동작 확인
All 항목 확인
All 항목 stringset 확인
All 항목 focus 시 UI 확인
All 항목 선택 시 동작 확인
All 항목 기능 확인
Romantic Comedy 항목 확인
Romantic Comedy 항목 stringset 확인
Romantic Comedy 항목 focus 시 UI 확인
Romantic Comedy 항목 선택 시 동작 확인
Romantic Comedy 항목 기능 확인
Romantic Comedy 항목 적용 시 UI 확인
Romance 항목 확인
Romance 항목 stringset 확인
Romance 항목 focus 시 UI 확인
Romance 항목 선택 시 동작 확인
Romance 항목 기능 확인
Melodrama 항목 확인
Melodrama 항목 stringset 확인
Melodrama 항목 focus 시 UI 확인
Melodrama 항목 선택 시 동작 확인
Melodrama 항목 기능 확인
Drama 항목 확인
Drama 항목 stringset 확인
Drama 항목 focus 시 UI 확인
Drama 항목 선택 시 동작 확인
Drama 항목 기능 확인
Crime 항목 확인
Crime 항목 stringset 확인
Crime 항목 focus 시 UI 확인
Crime 항목 선택 시 동작 확인
Crime 항목 기능 확인
Action 항목 확인
Action 항목 stringset 확인
Action 항목 focus 시 UI 확인
Action 항목 선택 시 동작 확인
Action 항목 기능 확인
Thriller 항목 확인
Thriller 항목 stringset 확인
Thriller 항목 focus 시 UI 확인
Thriller 항목 선택 시 동작 확인
Thriller 항목 기능 확인
Horror 항목 확인
Horror 항목 stringset 확인
Horror 항목 focus 시 UI 확인
Horror 항목 선택 시 동작 확인
Horror 항목 기능 확인
History 항목 확인
History 항목 stringset 확인
History 항목 focus 시 UI 확인
History 항목 선택 시 동작 확인
History 항목 기능 확인
Medical 항목 확인
Medical 항목 stringset 확인
Medical 항목 focus 시 UI 확인
Medical 항목 선택 시 동작 확인
Medical 항목 기능 확인
Music 항목 확인
Music 항목 stringset 확인
Music 항목 focus 시 UI 확인
Music 항목 선택 시 동작 확인
Music 항목 기능 확인
School 항목 확인
School 항목 stringset 확인
School 항목 focus 시 UI 확인
School 항목 선택 시 동작 확인
School 항목 기능 확인
Teenage 항목 확인
Teenage 항목 stringset 확인
Teenage 항목 focus 시 UI 확인
Teenage 항목 선택 시 동작 확인
Teenage 항목 기능 확인
Comedy 항목 확인
Comedy 항목 stringset 확인
Comedy 항목 focus 시 UI 확인
Comedy 항목 선택 시 동작 확인
Comedy 항목 기능 확인
Family 항목 확인
Family 항목 stringset 확인
Family 항목 focus 시 UI 확인
Family 항목 선택 시 동작 확인
Family 항목 기능 확인
Sports 항목 확인
Sports 항목 stringset 확인
Sports 항목 focus 시 UI 확인
Sports 항목 선택 시 동작 확인
Sports 항목 기능 확인
Law 항목 확인
Law 항목 stringset 확인
Law 항목 focus 시 UI 확인
Law 항목 선택 시 동작 확인
Law 항목 기능 확인
Fantasy 항목 확인
Fantasy 항목 stringset 확인
Fantasy 항목 focus 시 UI 확인
Fantasy 항목 선택 시 동작 확인
Fantasy 항목 기능 확인
Mystery 항목 확인
Mystery 항목 stringset 확인
Mystery 항목 focus 시 UI 확인
Mystery 항목 선택 시 동작 확인
Mystery 항목 기능 확인
Sci-Fi 항목 확인
Sci-Fi 항목 stringset 확인
Sci-Fi 항목 focus 시 UI 확인
Sci-Fi 항목 선택 시 동작 확인
Sci-Fi 항목 기능 확인
Webisode 항목 확인
Webisode 항목 stringset 확인
Webisode 항목 focus 시 UI 확인
Webisode 항목 선택 시 동작 확인
Webisode 항목 기능 확인
Telenovela 항목 확인
Telenovela 항목 stringset 확인
Telenovela 항목 focus 시 UI 확인
Telenovela 항목 선택 시 동작 확인
Telenovela 항목 기능 확인
Documentary 항목 확인
Documentary 항목 stringset 확인
Documentary 항목 focus 시 UI 확인
Documentary 항목 선택 시 동작 확인
Documentary 항목 기능 확인
Culture 항목 확인
Culture 항목 stringset 확인
Culture 항목 focus 시 UI 확인
Culture 항목 선택 시 동작 확인
Culture 항목 기능 확인
Life 항목 확인
Life 항목 stringset 확인
Life 항목 focus 시 UI 확인
Life 항목 선택 시 동작 확인
Life 항목 기능 확인
Current Affairs 항목 확인
Current Affairs 항목 stringset 확인
Current Affairs 항목 focus 시 UI 확인
Current Affairs 항목 선택 시 동작 확인
Current Affairs 항목 기능 확인
Division Line 확인",True,True,True,True,False,False,False,True,True
KOCOWA 4.0,Drama Channel Page,Sorting Button,"Default Setting 확인
Sorting Button 확인
Sorting Button icon 확인
Sorting Button text 확인
Sorting Button focus 시 UI 확인
Sorting Button 기능 확인",True,True,True,True,False,False,False,True,True
KOCOWA 4.0,Drama Channel Page,Sorting POP UP,"Default Setting 확인
Check icon 확인
리모컨 아래 방향키 입력 시 동작 확인
리모컨 위 방향키 입력 시 동작 확인
리모컨 우측 방향키 입력 시 focus 확인
리모컨 좌측 방향키 입력 시 동작 확인
Scroll Down 동작 확인
Scroll Up 동작 확인
리모컨 취소 Button 입력 시 동작 확인
Newest 항목 확인
Newest 항목 stringset 확인
Newest 항목 focus 시 UI 확인
Newest 항목 선택 시 동작 확인
Newest 항목 기능 확인
Sort by A-Z 항목 확인
Sort by A-Z 항목 stringset 확인
Sort by A-Z 항목 focus 시 UI 확인
Sort by A-Z 항목 선택 시 동작 확인
Sort by A-Z 항목 기능 확인
Sort by Z-A 항목 확인
Sort by Z-A 항목 stringset 확인
Sort by Z-A 항목 focus 시 UI 확인
Sort by Z-A 항목 선택 시 동작 확인
Sort by Z-A 항목 기능 확인",True,True,True,True,False,False,False,True,True
KOCOWA 4.0,Drama Channel Page,Top Area,Division Line 확인,True,True,True,True,False,False,False,True,True
KOCOWA 4.0,Drama Channel Page,Update Soon Screen,"Speech Bubble icon 확인
sub text 확인",True,True,True,True,False,False,False,True,True
KOCOWA 4.0,General Page,Functional Area,Build Version 확인,True,True,True,True,False,False,False,True,True
KOCOWA 4.0,General Page,Help Center,"Help Center 항목 확인
Help Center 항목 stringset 확인
Right indicator 확인
Help Center 항목 focus 시 UI 확인
Help Center 항목 focus 시 동작 확인
리모컨 우측 방향키 입력 시 동작 확인
Help Center 항목 기능 확인",True,True,True,True,False,False,False,True,True
KOCOWA 4.0,General Page,Help Center Screen,"title text 확인
sub text 확인
Help Center QR Code image 확인
Help Center QR Code image 인식 시 동작 확인",True,True,True,True,False,False,False,True,True
KOCOWA 4.0,General Page,Player Setting,"Player Setting 항목 확인
Player Setting 항목 stringset 확인
Right indicator 확인
Player Setting 항목 focus 시 UI 확인
Player Setting 항목 focus 시 동작 확인
리모컨 우측 방향키 입력 시 동작 확인
Player Setting 항목 기능 확인",True,True,True,True,False,False,False,True,True
KOCOWA 4.0,General Page,Player Setting Screen,"title text 확인
리모컨 위 방향키 입력 시 동작 확인
Scroll Down 동작 확인
Scroll Up 동작 확인
리모컨 아래 방향키 입력 시 동작 확인
Scrolling 동작 시 UI 확인
리모컨 우측 방향키 입력 시 동작 확인
리모컨 좌측 방향키 입력 시 동작 확인
리모컨 취소 버튼 입력 시 동작 확인
리모컨 취소 버튼 입력 시 동작 확인
Auto-Play next episode 항목 확인
Auto-Play next episode 항목 Stringset 확인
Default Setting 확인
title text 확인
On 항목 확인
On 항목 선택 시 동작 확인
On 항목 기능 확인
Off 항목 확인
Off 항목 선택 시 동작 확인
Off 항목 기능 확인",True,True,True,True,False,False,False,True,True
KOCOWA 4.0,General Page,Privacy Policy,"Privacy Policy 항목 확인
Privacy Policy 항목 stringset 확인
Right indicator 확인
Privacy Policy 항목 focus 시 UI 확인
Privacy Policy 항목 focus 시 동작 확인
리모컨 우측 방향키 입력 시 동작 확인
Privacy Policy 항목 기능 확인",True,True,True,True,False,False,False,True,True
KOCOWA 4.0,General Page,Privacy Policy (Brazil),"Privacy Policy (Brazil) 항목 확인
Privacy Policy (Brazil) 항목 stringset 확인
Right indicator 확인
Privacy Policy (Brazil) 항목 focus 시 UI 확인
Privacy Policy (Brazil) 항목 focus 시 동작 확인
리모컨 우측 방향키 입력 시 동작 확인
Privacy Policy (Brazil) 항목 기능 확인",True,True,True,True,False,False,False,True,True
KOCOWA 4.0,General Page,Privacy Policy (Brazil) Screen,"title text 확인
Text Paragraph 확인
리모컨 위 방향키 입력 시 동작 확인
Scroll Down 동작 확인
Scroll Up 동작 확인
리모컨 아래 방향키 입력 시 동작 확인
Scrolling 동작 시 UI 확인
리모컨 우측 방향키 입력 시 동작 확인
리모컨 좌측 방향키 입력 시 동작 확인
리모컨 취소 버튼 입력 시 동작 확인
리모컨 취소 버튼 입력 시 동작 확인",True,True,True,True,False,False,False,True,True
KOCOWA 4.0,General Page,Privacy Policy (Europe),"Privacy Policy (Europe) 항목 확인
Privacy Policy (Europe) 항목 stringset 확인
Right indicator 확인
Privacy Policy (Europe) 항목 focus 시 UI 확인
Privacy Policy (Europe) 항목 focus 시 동작 확인
리모컨 우측 방향키 입력 시 동작 확인
Privacy Policy (Europe) 항목 기능 확인",True,True,True,True,False,False,False,True,True
KOCOWA 4.0,General Page,Privacy Policy (Europe) Screen,"title text 확인
Text Paragraph 확인
리모컨 위 방향키 입력 시 동작 확인
Scroll Down 동작 확인
Scroll Up 동작 확인
리모컨 아래 방향키 입력 시 동작 확인
Scrolling 동작 시 UI 확인
리모컨 우측 방향키 입력 시 동작 확인
리모컨 좌측 방향키 입력 시 동작 확인
리모컨 취소 버튼 입력 시 동작 확인
리모컨 취소 버튼 입력 시 동작 확인",True,True,True,True,False,False,False,True,True
KOCOWA 4.0,General Page,Privacy Policy (Oceania),"Privacy Policy (Oceania) 항목 확인
Privacy Policy (Oceania) 항목 stringset 확인
Right indicator 확인
Privacy Policy (Oceania) 항목 focus 시 UI 확인
Privacy Policy (Oceania) 항목 focus 시 동작 확인
리모컨 우측 방향키 입력 시 동작 확인
Privacy Policy (Oceania) 항목 기능 확인",True,True,True,True,False,False,False,True,True
KOCOWA 4.0,General Page,Privacy Policy (Oceania) Screen,"title text 확인
Text Paragraph 확인
리모컨 위 방향키 입력 시 동작 확인
Scroll Down 동작 확인
Scroll Up 동작 확인
리모컨 아래 방향키 입력 시 동작 확인
Scrolling 동작 시 UI 확인
리모컨 우측 방향키 입력 시 동작 확인
리모컨 좌측 방향키 입력 시 동작 확인
리모컨 취소 버튼 입력 시 동작 확인
리모컨 취소 버튼 입력 시 동작 확인",True,True,True,True,False,False,False,True,True
KOCOWA 4.0,General Page,Privacy Policy Screen,"title text 확인
Text Paragraph 확인
리모컨 위 방향키 입력 시 동작 확인
Scroll Down 동작 확인
Scroll Up 동작 확인
리모컨 아래 방향키 입력 시 동작 확인
Scrolling 동작 시 UI 확인
리모컨 우측 방향키 입력 시 동작 확인
리모컨 좌측 방향키 입력 시 동작 확인
리모컨 취소 버튼 입력 시 동작 확인
리모컨 취소 버튼 입력 시 동작 확인",True,True,True,True,False,False,False,True,True
KOCOWA 4.0,General Page,Ratings Guidelines,"Ratings Guidelines 항목 확인
Ratings Guidelines 항목 stringset 확인
Right indicator 확인
Ratings Guidelines 항목 focus 시 UI 확인
Ratings Guidelines 항목 focus 시 동작 확인
리모컨 우측 방향키 입력 시 동작 확인
Ratings Guidelines 항목 기능 확인",True,True,True,True,False,False,False,True,True
KOCOWA 4.0,General Page,Ratings Guidelines Screen,"title text 확인
sub text 확인
QR Code image 확인
QR Code 인식 시 동작 확인",True,True,True,True,False,False,False,True,True
KOCOWA 4.0,General Page,Terms of Use,"Terms of Use 항목 확인
Terms of Use 항목 stringset 확인
Right indicator 확인
Terms of Use 항목 focus 시 UI 확인
Terms of Use 항목 focus 시 동작 확인
리모컨 우측 방향키 입력 시 동작 확인
Terms of Use 항목 기능 확인",True,True,True,True,False,False,False,True,True
KOCOWA 4.0,General Page,Terms of Use Screen,"title text 확인
Text Paragraph 확인
리모컨 위 방향키 입력 시 동작 확인
Scroll Down 동작 확인
Scroll Up 동작 확인
리모컨 아래 방향키 입력 시 동작 확인
Scrolling 동작 시 UI 확인
리모컨 우측 방향키 입력 시 동작 확인
리모컨 좌측 방향키 입력 시 동작 확인
리모컨 취소 버튼 입력 시 동작 확인
리모컨 취소 버튼 입력 시 동작 확인",True,True,True,True,False,False,False,True,True
KOCOWA 4.0,Get Started Page,Free Trial Button,"Free Trial Button 확인
Free Trial Button stringset 확인
Free Trial Button focus 시 UI 확인
Free Trial Button focus 시 동작 확인
Free Trial Button 기능 확인",True,True,True,True,False,False,False,True,True
KOCOWA 4.0,Get Started Page,Functional Area,"Division line 확인
Privacy Policy text Button 확인
Privacy Policy text Button stringset 확인
Privacy Policy text Button focus 시 UI 확인
Privacy Policy text Button 기능 확인
OK Button 확인
OK Button stringset 확인
OK Button focus 시 UI 확인
OK Button 기능 확인",True,True,True,True,False,False,False,True,True
KOCOWA 4.0,Get Started Page,Link the VIZIO Account Button,"Link the VIZIO Account Button 노출 여부 확인
Link the VIZIO Account Button 확인
Link the VIZIO Account Button stringset 확인
Link the VIZIO Account Button focus 시 UI 확인
Link the VIZIO Account Button 기능 확인",True,True,True,True,False,False,False,True,True
KOCOWA 4.0,Get Started Page,Mobile App Sign In Button,"Mobile App Sign In Button 확인
Mobile App Sign In Button stringset 확인
Mobile App Sign In Button focus 시 UI 확인
Mobile App Sign In Button 기능 확인",True,True,True,True,False,False,False,True,True
KOCOWA 4.0,Get Started Page,Offline Page,"title text 확인
title text stringset 확인
sub text 확인
sub text stringset 확인",True,True,True,True,False,False,False,True,True
KOCOWA 4.0,Get Started Page,Privacy Policy,"Privacy Policy 항목 확인
Privacy Policy 항목 stringset 확인
리모컨 우측 방향키 입력 시 동작 확인
Privacy Policy 항목 기능 확인",True,True,True,True,False,False,False,True,True
KOCOWA 4.0,Get Started Page,Privacy Policy (Brazil),"Privacy Policy (Brazil) 항목 확인
Privacy Policy (Brazil) 항목 stringset 확인
리모컨 우측 방향키 입력 시 동작 확인
Privacy Policy (Brazil) 항목 기능 확인",True,True,True,True,False,False,False,True,True
KOCOWA 4.0,Get Started Page,Privacy Policy (Brazil) POP UP,"Scroll Up 동작 가능 여부 확인
Scroll Down 동작 확인
Scroll Up 동작 확인
Scroll Down 동작 가능 여부 확인
리모컨 좌측 방향키 입력 시 UI 확인
리모컨 우측 방향키 입력 시 동작 확인
리모컨 취소 버튼 입력 시 동작 확인
text Paragraph 확인
Scroll indicator 확인
Scroll indicator 동작 확인",True,True,True,True,False,False,False,True,True
KOCOWA 4.0,Get Started Page,Privacy Policy (Europe),"Privacy Policy (Europe) 항목 확인
Privacy Policy (Europe) 항목 stringset 확인
리모컨 우측 방향키 입력 시 동작 확인
Privacy Policy (Europe) 항목 기능 확인",True,True,True,True,False,False,False,True,True
KOCOWA 4.0,Get Started Page,Privacy Policy (Europe) POP UP,"Scroll Up 동작 가능 여부 확인
Scroll Down 동작 확인
Scroll Up 동작 확인
Scroll Down 동작 가능 여부 확인
리모컨 좌측 방향키 입력 시 UI 확인
리모컨 우측 방향키 입력 시 동작 확인
리모컨 취소 버튼 입력 시 동작 확인
text Paragraph 확인
Scroll indicator 확인
Scroll indicator 동작 확인",True,True,True,True,False,False,False,True,True
KOCOWA 4.0,Get Started Page,Privacy Policy (Oceania),"Privacy Policy (Oceania) 항목 확인
Privacy Policy (Oceania) 항목 stringset 확인
리모컨 우측 방향키 입력 시 동작 확인
Privacy Policy (Oceania) 항목 기능 확인",True,True,True,True,False,False,False,True,True
KOCOWA 4.0,Get Started Page,Privacy Policy (Oceania) POP UP,"Scroll Up 동작 가능 여부 확인
Scroll Down 동작 확인
Scroll Up 동작 확인
Scroll Down 동작 가능 여부 확인
리모컨 좌측 방향키 입력 시 UI 확인
리모컨 우측 방향키 입력 시 동작 확인
리모컨 취소 버튼 입력 시 동작 확인
text Paragraph 확인
Scroll indicator 확인
Scroll indicator 동작 확인",True,True,True,True,False,False,False,True,True
KOCOWA 4.0,Get Started Page,Privacy Policy POP UP,"Scroll Up 동작 가능 여부 확인
Scroll Down 동작 확인
Scroll Up 동작 확인
Scroll Down 동작 가능 여부 확인
리모컨 좌측 방향키 입력 시 UI 확인
리모컨 우측 방향키 입력 시 동작 확인
리모컨 취소 버튼 입력 시 동작 확인
text Paragraph 확인
Scroll indicator 확인
Scroll indicator 동작 확인",True,True,True,True,False,False,False,True,True
KOCOWA 4.0,Get Started Page,Privacy Policy Screen,"Scroll Up 동작 가능 여부 확인
Scroll Down 동작 확인
Scroll Up 동작 확인
Scroll Down 동작 가능 여부 확인
Background image 확인
Right indicator 확인
Content focus 시 UI 확인",True,True,True,True,False,False,False,True,True
KOCOWA 4.0,Get Started Page,Sign In Button,"Sign In Button 확인
Sign In Button stringset 확인
Sign In Button focus 시 UI 확인
Sign In Button 기능 확인",True,True,True,True,False,False,False,True,True
KOCOWA 4.0,Get Started Page,sub text,"sub text 노출 여부 확인
sub text stringset 확인",True,True,True,True,False,False,False,True,True
KOCOWA 4.0,Home Main, General Rule,"최하단 Curation Rail에서 하단 키 동작 확인
1st Curation Rail 에서 상단 키 동작 확인",True,True,True,True,False,False,False,True,True
KOCOWA 4.0,Home Main,Continue Watching Rail,"Continue Watching Rail 노출 여부 확인
Content 1개 재생 시 Continue Watching Rail 노출 여부 확인
Content 3종 재생 시 Continue Watching Rail 노출 여부 확인
동일 Series Content 재생 시 Continue Watching Rail 노출 여부 확인
Continue Watching Rail 확인
title text 확인
가로형 poster image 확인
가로형 poster image focus 시 UI 확인
Progress bar 확인
가로형 poster image 기능 확인
리모컨 좌측 방향키 입력 시 동작 확인
우측 Rolling 동작 확인
리모컨 우측 방향키 입력 시 동작 확인
좌측 Rolling 동작 확인",True,True,True,True,False,False,False,True,True
KOCOWA 4.0,Home Main,Description Screen,"Side Category 노출 확인
Background image 미노출 확인
Background image 확인
Comma 확인",True,True,True,True,False,False,False,True,True
KOCOWA 4.0,Home Main,Details Section,"Content Released Year 확인
Genre text 확인
Comma 확인
item counter 확인
item counter stringset 확인
다수일 시 item counter stringset 확인
item counter 집계 확인
item counter 노출 여부 확인
Running Time text Stringset 확인",True,True,True,True,False,False,False,True,True
KOCOWA 4.0,Home Main,Episode Content Rail,"Episode Content Rail 확인
title text 확인
가로형 poster image 확인
가로형 poster image focus 시 UI 확인
Progress bar 확인
Progress bar 노출 여부 확인
thumbnail image 기능 확인
리모컨 좌측 방향키 입력 시 동작 확인
우측 Rolling 동작 확인
리모컨 우측 방향키 입력 시 동작 확인
좌측 Rolling 동작 확인",True,True,True,True,False,False,False,True,True
KOCOWA 4.0,Home Main,Exit POP UP,"sub text 확인
Cancel Button 확인
Cancel Button focus 시 UI 확인
Cancel Button 기능 확인
OK Button 확인
OK Button focus 시 UI 확인
OK Button 선택 시 동작 확인
OK Button 기능 확인",True,True,True,True,False,False,False,True,True
KOCOWA 4.0,Home Main,Extended Side Category,"Default Setting 확인
리모컨 아래 방향키 입력 시 동작 확인
리모컨 위 방향키 입력 시 동작 확인
리모컨 우측 방향키 입력 시 focus 확인
리모컨 좌측 방향키 입력 시 동작 확인
리모컨 취소 Button 입력 시 동작 확인
Search icon 확인
Search 항목 stringset 확인
Search 항목 focus 시 UI 확인
Search 항목 기능 확인
Home icon 확인
Home 항목 stringset 확인
Home 항목 focus 시 UI 확인
Home 항목 기능 확인
Drama icon 확인
Drama 항목 stringset 확인
Drama 항목 focus 시 UI 확인
Drama 항목 기능 확인
Movie icon 확인
Movie 항목 stringset 확인
Movie 항목 focus 시 UI 확인
Movie 항목 기능 확인
Brazil VPN Setting 시 MOVIE Category 노출 여부 확인
LATAM VPN Setting 시 MOVIE Category 노출 여부 확인
EU VPN Setting 시 MOVIE Category 노출 여부 확인
Variety icon 확인
Variety 항목 stringset 확인
Variety 항목 focus 시 UI 확인
Variety 항목 기능 확인
K-POP icon 확인
K-POP 항목 stringset 확인
K-POP 항목 focus 시 UI 확인
K-POP 항목 기능 확인
Family Rated 설정 시 K-POP 항목 노출 여부 확인
Live icon 확인
Live 항목 stringset 확인
Live 항목 focus 시 UI 확인
Live 항목 기능 확인
My KOCOWA icon 확인
My KOCOWA 항목 stringset 확인
My KOCOWA 항목 focus 시 UI 확인
My KOCOWA 항목 기능 확인
Setting icon 확인
Setting 항목 stringset 확인
Setting 항목 기능 확인
Subscribe 항목 stringset 확인
Subscribe 항목 focus 시 UI 확인
Subscribe 항목 기능 확인
Subscribe 항목 미노출 확인
Profile icon 확인
Profile Name 확인
Profile icon focus 시 UI 확인
Profile icon 기능 확인",True,True,True,True,False,False,False,True,True
KOCOWA 4.0,Home Main,Information Section,"Image 형태의 Series Content Name 확인
Content Name text 확인
Text 형태의 Series Content Name 확인
Update Cycle text 미노출 확인
Update Cycle text 확인
주간 Update Cycle text 확인
Content Name text stringset 확인
Content Name text stringset 확인
Content Name text stringset 확인
Content Name text stringset 확인",True,True,True,True,False,False,False,True,True
KOCOWA 4.0,Home Main,Navigator,"Navigator 노출 여부 확인
Left Navigation icon 확인
Right Navigation icon 확인
Page Indicatoricon 확인
Page Indicatoricon UI 확인",True,True,True,True,False,False,False,True,True
KOCOWA 4.0,Home Main,Rating Section,"Rating icon 확인
Content Rating icon 확인
TV-Y Rating icon 확인
TV-Y7 Rating icon 확인
TV-Y7-FV Rating icon 확인
TV-G Rating icon 확인
G Rating icon 확인
TV-PG Rating icon 확인
PG Rating icon 확인
PG-13 Rating icon 확인
TV-14 Rating icon 확인
R Rating icon 확인
TV-MA Rating icon 확인
NC-17 Rating icon 확인",True,True,True,True,False,False,False,True,True
KOCOWA 4.0,Home Main,Series Content Rail,"Series Content Rail 확인
title text 확인
Poster image 확인
Poster image focus 시 UI 확인
Poster image 기능 확인
리모컨 좌측 방향키 입력 시 동작 확인
우측 Rolling 동작 확인
리모컨 우측 방향키 입력 시 동작 확인
좌측 Rolling 동작 확인",True,True,True,True,False,False,False,True,True
KOCOWA 4.0,Home Main,Side Category,"Default Setting 확인
Search icon 확인
Search icon focus 시 UI 확인
Home icon 확인
Home icon focus 시 UI 확인
DRAMA icon 확인
DRAMA icon focus 시 UI 확인
MOVIE icon 확인
MOVIE icon focus 시 UI 확인
Variety icon 확인
Variety icon focus 시 UI 확인
K-POP icon 확인
K-POP icon focus 시 UI 확인
Live icon 확인
Live icon focus 시 UI 확인
My KOCOWA icon 확인
My KOCOWA icon focus 시 UI 확인
Setting icon 확인
Profile icon 확인",True,True,True,True,False,False,False,True,True
KOCOWA 4.0,Home Main,Subtitle Section,"Content Subtitle stringset 확인
English Subtitle 확인
English Subtitle stringset 확인
Portuguese Subtitle 확인
Portuguese Subtitle stringset 확인
Spanish Subtitle 확인
Spanish Subtitle stringset 확인
Chinese Subtitle 확인
Chinese Subtitle stringset 확인
Vietnamese Subtitle 확인
Vietnamese Subtitle stringset 확인",True,True,True,True,False,False,False,True,True
KOCOWA 4.0,Home Main,Synonpsis Section,"Synopsis text 확인
Max line 적용 확인
Synopsis text 생략 여부 확인
synopsis Inform message text 확인
synopsis Inform message text stringset 확인",True,True,True,True,False,False,False,True,True
KOCOWA 4.0,Home Main,Top Banner Area,"poster image 확인
poster image focus 시 UI 확인
poster image 기능 확인
Series Content Name 확인",True,True,True,True,False,False,False,True,True
KOCOWA 4.0,Initial Page,Restore Purchase Button,"Restore Purchase Button 확인
Restore Purchase Button stringset 확인
Restore Purchase Button focus 시 동작 확인
Restore Purchase Button 선택 시 동작 확인
Restore Purchase Button 기능 확인",True,True,True,True,False,False,False,True,True
KOCOWA 4.0,Initial Page,Sign Out Button,"Sign Out Button 확인
Sign Out Button stringset 확인
Sign Out Button focus 시 동작 확인
Sign Out Button 기능 확인",True,True,True,True,False,False,False,True,True
KOCOWA 4.0,Initial Page,Subscribe Button,"Subscribe Button 확인
Subscribe Button stringset 확인
Subscribe Button focus 시 동작 확인
Subscribe Button 기능 확인",True,True,True,True,False,False,False,True,True
KOCOWA 4.0,K-POP Channel Page,Content List Area,"Scroll Down 동작 확인
Scroll Up 동작 확인
poster image 확인
poster image focus 시 UI 확인
poster image 기능 확인",True,True,True,True,False,False,False,True,True
KOCOWA 4.0,K-POP Channel Page,Sorting Button,"Default Setting 확인
Sorting Button 확인
Sorting Button icon 확인
Sorting Button text 확인
Sorting Button focus 시 UI 확인
Sorting Button 기능 확인",True,True,True,True,False,False,False,True,True
KOCOWA 4.0,K-POP Channel Page,Sorting POP UP,"Default Setting 확인
Check icon 확인
리모컨 아래 방향키 입력 시 동작 확인
리모컨 위 방향키 입력 시 동작 확인
리모컨 우측 방향키 입력 시 focus 확인
리모컨 좌측 방향키 입력 시 동작 확인
Scroll Down 동작 확인
Scroll Up 동작 확인
리모컨 취소 Button 입력 시 동작 확인
Newest 항목 확인
Newest 항목 stringset 확인
Newest 항목 focus 시 UI 확인
Newest 항목 선택 시 동작 확인
Newest 항목 기능 확인
Sort by A-Z 항목 확인
Sort by A-Z 항목 stringset 확인
Sort by A-Z 항목 focus 시 UI 확인
Sort by A-Z 항목 선택 시 동작 확인
Sort by A-Z 항목 기능 확인
Sort by Z-A 항목 확인
Sort by Z-A 항목 stringset 확인
Sort by Z-A 항목 focus 시 UI 확인
Sort by Z-A 항목 선택 시 동작 확인
Sort by Z-A 항목 기능 확인",True,True,True,True,False,False,False,True,True
KOCOWA 4.0,K-POP Channel Page,Top Area,Division Line 확인,True,True,True,True,False,False,False,True,True
KOCOWA 4.0,K-POP Channel Page,Update Soon Screen,"Speech Bubble icon 확인
sub text 확인",True,True,True,True,False,False,False,True,True
KOCOWA 4.0,KLS LIVE,Bottom Area,"Bullet point 확인
inform text 확인
Schedule text 확인",True,True,True,True,False,False,False,True,True
KOCOWA 4.0,KLS LIVE,Content Viewing Age POP UP,"background image 노출 확인
title text 확인
title text stringset 확인
sub text 확인
sub text stringset 확인
OK Button 확인
OK Button stringset 확인
OK Button 동작 확인",True,True,True,True,False,False,False,True,True
KOCOWA 4.0,KLS LIVE,Countdown,"Countdown 확인
Countdown UI 확인
Streaming Live Today text 확인
Today text 확인
Tomorrow text 확인",True,True,True,True,False,False,False,True,True
KOCOWA 4.0,KLS LIVE,Description Screen,"Background image 확인
Comma 확인",True,True,True,True,False,False,False,True,True
KOCOWA 4.0,KLS LIVE,Details Section,"Content Released Year 확인
Genre text 확인
Comma 확인
LIVE text 확인
LIVE text  stringset 확인",True,True,True,True,False,False,False,True,True
KOCOWA 4.0,KLS LIVE,Information Section,Series Content Name 확인,True,True,True,True,False,False,False,True,True
KOCOWA 4.0,KLS LIVE,KOOCWA+ Live List Area,"title text 확인
thumbnail image 확인
thumbnail image focus 시 UI 확인
thumbnail image 기능 확인
KLS Live 진행 시 thumbnail image 기능 확인
Family Rated 시 thumbnail image 기능 확인
Live icon 확인
Live icon 노출 여부 확인
Play icon 확인
Play icon 노출 여부 확인
리모컨 좌측 방향키 입력 시 동작 확인
우측 Scroll 동작 확인
리모컨 우측 방향키 입력 시 동작 확인
좌측 Scroll 동작 확인",True,True,True,True,False,False,False,True,True
KOCOWA 4.0,KLS LIVE,Rating Section,"Rating icon 확인
Content Rating icon 확인
TV-Y Rating icon 확인
TV-Y7 Rating icon 확인
TV-Y7-FV Rating icon 확인
TV-G Rating icon 확인
G Rating icon 확인
TV-PG Rating icon 확인
PG Rating icon 확인
PG-13 Rating icon 확인
TV-14 Rating icon 확인
R Rating icon 확인
TV-MA Rating icon 확인
NC-17 Rating icon 확인",True,True,True,True,False,False,False,True,True
KOCOWA 4.0,KLS LIVE,Schedule Notice POP UP,"Schedule Notice POP UP 확인
background image 노출 확인
title text 확인
title text stringset 확인
sub text 확인
sub text stringset 확인
OK Button 확인
OK Button stringset 확인
OK Button focus 시 UI 확인
OK Button 기능 확인
OK Button 동작 확인",True,True,True,True,False,False,False,True,True
KOCOWA 4.0,KLS LIVE,Synonpsis Section,"Synopsis text 확인
Max line 적용 확인
Synopsis text 생략 여부 확인
synopsis Inform message text 확인
synopsis Inform message text stringset 확인",True,True,True,True,False,False,False,True,True
KOCOWA 4.0,KLS LIVE,Time Schedule,"방송 예정일 Day text 확인
Monday text 확인
Tuesday text 확인
Wednesday text 확인
Thursday text 확인
Friday text 확인
Saturday text 확인
Sunday text 확인
방송 예정일 Month text 확인
January text 확인
February text 확인
March text 확인
April text 확인
May text 확인
June text 확인
July text 확인
Aug text 확인
Sep text 확인
Oct text 확인
Nov text 확인
Dec text 확인
방송 예정일자 text 확인
방송 예정 시각 text 확인",True,True,True,True,False,False,False,True,True
KOCOWA 4.0,MOVIE Channel Page,Content List Area,"Scroll Down 동작 확인
Scroll Up 동작 확인
poster image 확인
poster image focus 시 UI 확인
poster image 기능 확인",True,True,True,True,False,False,False,True,True
KOCOWA 4.0,MOVIE Channel Page,Filter Button,"Default Setting 확인
Filter Button 확인
Filter Button icon 확인
Filter Button text 확인
Filter Button focus 시 UI 확인
Filter Button 기능 확인",True,True,True,True,False,False,False,True,True
KOCOWA 4.0,MOVIE Channel Page,Filter POP UP,"Default Setting 확인
Check icon 확인
리모컨 아래 방향키 입력 시 동작 확인
리모컨 위 방향키 입력 시 동작 확인
리모컨 우측 방향키 입력 시 focus 확인
리모컨 좌측 방향키 입력 시 동작 확인
Scroll Down 동작 확인
Scroll Up 동작 확인
Rolling 동작 확인
리모컨 취소 Button 입력 시 동작 확인
All 항목 확인
All 항목 stringset 확인
All 항목 focus 시 UI 확인
All 항목 선택 시 동작 확인
All 항목 기능 확인
Romantic Comedy 항목 확인
Romantic Comedy 항목 stringset 확인
Romantic Comedy 항목 focus 시 UI 확인
Romantic Comedy 항목 선택 시 동작 확인
Romantic Comedy 항목 기능 확인
Romantic Comedy 항목 적용 시 UI 확인
Romance 항목 확인
Romance 항목 stringset 확인
Romance 항목 focus 시 UI 확인
Romance 항목 선택 시 동작 확인
Romance 항목 기능 확인
Melodrama 항목 확인
Melodrama 항목 stringset 확인
Melodrama 항목 focus 시 UI 확인
Melodrama 항목 선택 시 동작 확인
Melodrama 항목 기능 확인
Drama 항목 확인
Drama 항목 stringset 확인
Drama 항목 focus 시 UI 확인
Drama 항목 선택 시 동작 확인
Drama 항목 기능 확인
Crime 항목 확인
Crime 항목 stringset 확인
Crime 항목 focus 시 UI 확인
Crime 항목 선택 시 동작 확인
Crime 항목 기능 확인
Action 항목 확인
Action 항목 stringset 확인
Action 항목 focus 시 UI 확인
Action 항목 선택 시 동작 확인
Action 항목 기능 확인
Thriller 항목 확인
Thriller 항목 stringset 확인
Thriller 항목 focus 시 UI 확인
Thriller 항목 선택 시 동작 확인
Thriller 항목 기능 확인
Horror 항목 확인
Horror 항목 stringset 확인
Horror 항목 focus 시 UI 확인
Horror 항목 선택 시 동작 확인
Horror 항목 기능 확인
History 항목 확인
History 항목 stringset 확인
History 항목 focus 시 UI 확인
History 항목 선택 시 동작 확인
History 항목 기능 확인
Music 항목 확인
Music 항목 stringset 확인
Music 항목 focus 시 UI 확인
Music 항목 선택 시 동작 확인
Music 항목 기능 확인
School 항목 확인
School 항목 stringset 확인
School 항목 focus 시 UI 확인
School 항목 선택 시 동작 확인
School 항목 기능 확인
Teenage 항목 확인
Teenage 항목 stringset 확인
Teenage 항목 focus 시 UI 확인
Teenage 항목 선택 시 동작 확인
Teenage 항목 기능 확인
Comedy 항목 확인
Comedy 항목 stringset 확인
Comedy 항목 focus 시 UI 확인
Comedy 항목 선택 시 동작 확인
Comedy 항목 기능 확인
Family 항목 확인
Family 항목 stringset 확인
Family 항목 focus 시 UI 확인
Family 항목 선택 시 동작 확인
Family 항목 기능 확인
Sports 항목 확인
Sports 항목 stringset 확인
Sports 항목 focus 시 UI 확인
Sports 항목 선택 시 동작 확인
Sports 항목 기능 확인
Law 항목 확인
Law 항목 stringset 확인
Law 항목 focus 시 UI 확인
Law 항목 선택 시 동작 확인
Law 항목 기능 확인
Fantasy 항목 확인
Fantasy 항목 stringset 확인
Fantasy 항목 focus 시 UI 확인
Fantasy 항목 선택 시 동작 확인
Fantasy 항목 기능 확인
Mystery 항목 확인
Mystery 항목 stringset 확인
Mystery 항목 focus 시 UI 확인
Mystery 항목 선택 시 동작 확인
Mystery 항목 기능 확인
Sci-Fi 항목 확인
Sci-Fi 항목 stringset 확인
Sci-Fi 항목 focus 시 UI 확인
Sci-Fi 항목 선택 시 동작 확인
Sci-Fi 항목 기능 확인
Division Line 확인",True,True,True,True,False,False,False,True,True
KOCOWA 4.0,MOVIE Channel Page,Sorting Button,"Default Setting 확인
Sorting Button 확인
Sorting Button icon 확인
Sorting Button text 확인
Sorting Button focus 시 UI 확인
Sorting Button 기능 확인",True,True,True,True,False,False,False,True,True
KOCOWA 4.0,MOVIE Channel Page,Sorting POP UP,"Default Setting 확인
Check icon 확인
리모컨 아래 방향키 입력 시 동작 확인
리모컨 위 방향키 입력 시 동작 확인
리모컨 우측 방향키 입력 시 focus 확인
리모컨 좌측 방향키 입력 시 동작 확인
Scroll Down 동작 확인
Scroll Up 동작 확인
리모컨 취소 Button 입력 시 동작 확인
Newest 항목 확인
Newest 항목 stringset 확인
Newest 항목 focus 시 UI 확인
Newest 항목 선택 시 동작 확인
Newest 항목 기능 확인
Sort by A-Z 항목 확인
Sort by A-Z 항목 stringset 확인
Sort by A-Z 항목 focus 시 UI 확인
Sort by A-Z 항목 선택 시 동작 확인
Sort by A-Z 항목 기능 확인
Sort by Z-A 항목 확인
Sort by Z-A 항목 stringset 확인
Sort by Z-A 항목 focus 시 UI 확인
Sort by Z-A 항목 선택 시 동작 확인
Sort by Z-A 항목 기능 확인",True,True,True,True,False,False,False,True,True
KOCOWA 4.0,MOVIE Channel Page,Top Area,Division Line 확인,True,True,True,True,False,False,False,True,True
KOCOWA 4.0,MOVIE Channel Page,Update Soon Screen,"Speech Bubble icon 확인
sub text 확인",True,True,True,True,False,False,False,True,True
KOCOWA 4.0,My KOCOWA Page,Delete Favorite POP UP ,"title text 확인
title text stringset 확인
sub text 확인
sub text stringset 확인
OK Button 확인
OK Button stringset 확인
OK Button 기능 확인
OK Button 기능 확인
Cancle Button 확인
Cancle Button stringset 확인
Cancle Button 기능 확인",True,True,True,True,True,True,True,True,True
KOCOWA 4.0,My KOCOWA Page,Delete History POP UP ,"title text 확인
title text stringset 확인
sub text 확인
sub text stringset 확인
OK Button 확인
OK Button stringset 확인
OK Button 기능 확인
OK Button 기능 확인
Cancle Button 확인
Cancle Button stringset 확인
Cancle Button 기능 확인",True,True,True,True,True,True,True,True,True
KOCOWA 4.0,My KOCOWA Page,Empty Screen,"Speech Bubble image 확인
sub text 확인
Speech Bubble image 확인
sub text 확인",True,True,True,True,True,True,True,True,True
KOCOWA 4.0,My KOCOWA Page,Favorite Content List Area,"title text 확인
contents counter 확인
items 확인
poster image 확인
Poster image focus 시 UI 확인
Poster image 기능 확인
Scroll Down 동작 확인
Scroll Up 동작 확인
Delete All Button 확인
Delete All Button 확인
Delete All Button Stringset 확인
Delete All Button 동작 확인",True,True,True,True,True,True,True,True,True
KOCOWA 4.0,My KOCOWA Page,My Watch History List Area,"title text 확인
contents counter 확인
Content Sorting 확인
thumbnail image 확인
Progress bar 확인
thumbnail image focus 시 UI 확인
thumbnail image 기능 확인
Content Name 확인
Episode Name 확인
Episode Name stringset 확인
Episode Name stringset 확인
Episode Name stringset 확인
Episode Name stringset 확인
Scroll Down 동작 확인
Scroll Up 동작 확인
최상단 focus 시 리모컨 위 방향키 동작 확인
Delete All Button 확인
Delete All Button 확인
Delete All Button Stringset 확인
Delete All Button 동작 확인",True,True,True,True,True,True,True,True,True
KOCOWA 4.0,My KOCOWA Page,Top Area,"Favorites Tab 확인
Favorites Tab stringset 확인
Favorites Tab focus 시 UI 확인
Favorites Tab 기능 확인
Viewing History Tab 확인
Viewing History Tab stringset 확인
Viewing History Tab focus 시 UI 확인
Viewing History Tab 기능 확인
Division line 확인",True,True,True,True,True,True,True,True,True
KOCOWA 4.0,PLAN Page,Information Area,"Information text 확인
My Account text UI 확인
Account text UI 확인
KOCOWA+ website or mobile apps. text UI 확인",True,True,True,True,False,False,False,True,True
KOCOWA 4.0,PLAN Page,Premium Annual,"sub text 확인
title text 확인
Original Price text 확인
Original Price text UI 확인
Price text 확인
Per-Unit text 확인
Per-Unit text UI 확인
Division line 확인
Benefit guidance text 확인
Benefit guidance text UI 확인
item focus 시 UI 확인
item 선택 시 동작 확인
QR Code URL 노출 확인
Subscription item 결제 완료 시 동작 확인
Check icon 확인
User Status text 확인",True,True,True,True,False,False,False,True,True
KOCOWA 4.0,PLAN Page,Premium Monthly,"title text 확인
sub text 확인
Price text 확인
Per-Unit text 확인
Per-Unit text UI 확인
Division line 확인
Benefit guidance text 
item focus 시 UI 확인
item 선택 시 동작 확인
QR Code URL 노출 확인
Subscription item 결제 완료 시 동작 확인
Check icon 확인
User Status text 확인",True,True,True,True,False,False,False,True,True
KOCOWA 4.0,PLAN Page,Subscription Category Area,"sub text 확인
Monitor icon 확인
Advertisement benefit text 확인
Face icon 확인
Profile benefit text 확인
Cycle icon 확인
Renewal benefit text 확인
Downward icon 확인
Download benefit text 확인
Thunder icon 확인
Contents benefit text 확인",True,True,True,True,False,False,False,True,True
KOCOWA 4.0,Privacy Policy Page,Accept Button,"Accept Button 확인
Accept Button stringset 확인
Accept Button focus 시 UI 확인
Accept Button 선택 시 동작 확인
Accept Button 기능 확인",True,True,True,True,False,False,False,True,True
KOCOWA 4.0,Privacy Policy Page,Back Button,"Back Button 확인
Back Button stringset 확인
Back Button focus 시 UI 확인
Back Button 선택 시 동작 확인
Back Button 기능 확인",True,True,True,True,False,False,False,True,True
KOCOWA 4.0,Privacy Policy Page,Content Area,"text Paragraph 확인
Page indicator 확인
Page indicator UI 확인
리모컨 취소 Button 입력 시 동작 확인
Scroll Up 동작 가능 여부 확인
Scroll Down 동작 확인
Scroll Down 동작 가능 여부 확인
Scroll Up 동작 확인",True,True,True,True,False,False,False,True,True
KOCOWA 4.0,Privacy Policy Page,Scrollable Mask,"Scrollable Mask 확인
Content focus 시 UI 확인
Content focus 시 동작 확인
Right Scrolling 동작 확인
Left Scrolling 동작 확인
US & General Content 확인
US & General Content stringset 확인
Europe Content 확인
Europe Content stringset 확인
Oceania Content 확인
Oceania Content stringset 확인
Brazil Content 확인
Brazil Content stringset 확인",True,True,True,True,False,False,False,True,True
KOCOWA 4.0,Privacy Policy Page,Top Area,"리모컨 위 방향키 입력 시 동작 확인
리모컨 아래 방향키 입력 시 동작 확인
리모컨 좌측 방향키 입력 시 동작 확인
리모컨 우측 방향키 입력 시 동작 확인
KOCOWA Logo 확인
title text 확인
title text stringset 확인",True,True,True,True,False,False,False,True,True
KOCOWA 4.0,Profile Data Input Page,Back Button,"Back Button 확인
Back Button stringset 확인
Back Button focus 시 UI 확인
Back Button 기능 확인",True,True,True,True,False,False,False,True,True
KOCOWA 4.0,Profile Data Input Page,Confirm Button,"Confirm Button 확인
Confirm Button stringset 확인
Verification Area Checked 시 UI 확인
Confirm Button focus 시 UI 확인
Confirm Button 기능 확인",True,True,True,True,False,False,False,True,True
KOCOWA 4.0,Profile Data Input Page,Functional Area,"focus 가능 여부 확인
Radio Button 미선택 시 focus 가능 여부 확인",True,True,True,True,False,False,False,True,True
KOCOWA 4.0,Profile Data Input Page,Gender area,Default Setting 확인,True,True,True,True,False,False,False,True,True
KOCOWA 4.0,Profile Data Input Page,Radio Button,"Radio Button 확인
Radio Button focus 시 UI 확인
Radio Button 선택 시 동작 확인
Radio Button 재선택 시 동작 확인",True,True,True,True,False,False,False,True,True
KOCOWA 4.0,Profile Data Input Page,Validation,Invalid Birthday Value 입력 시 동작 확인,True,True,True,True,False,False,False,True,True
KOCOWA 4.0,Profile Data Input Page,Verification Area,Default Setting 확인,True,True,True,True,False,False,False,True,True
KOCOWA 4.0,Profile Data Input Page,sub text,"sub text 확인
sub text stringset 확인",True,True,True,True,False,False,False,True,True
KOCOWA 4.0,QR Sign In Page,Function Area,"Refresh Button 확인
Refresh Button stringset 확인
Refresh Button UI 확인
Dimmed Refresh Button 선택 가능 여부 확인
Refresh Button focus 시 UI 확인
Refresh Button 선택 시 동작 확인
Refresh Button 기능 확인
Back Button 확인
Back Button stringset 확인
Back Button focus 시 UI 확인
Back Button 기능 확인",True,True,True,True,False,False,False,True,True
KOCOWA 4.0,QR Sign In Page,PIN Code Area,"title text 확인
sub text 확인
4-digit input box 확인
PIN Code 확인
Countdown 기능 확인
Countdown 동작 확인
Countdown 만료 시 UI 확인
Countdown 만료 시 동작 확인
Countdown 만료 시 4-digit input box UI 확인
Countdown 만료 시 PIN Code UI 확인
PIN Expiration Message text 확인
PIN Expiration Message text stringset 확인
PIN Expiration Message text UI 확인",True,True,True,True,False,False,False,True,True
KOCOWA 4.0,QR Sign In Page,QR Code Area,"title text 확인
sub text 확인
QR Code image 확인
QR Code 인식 시 동작 확인
Sign In 시 동작 확인",True,True,True,True,False,False,False,True,True
KOCOWA 4.0,Setting Page,Account Deletion successful POP UP,"sub text 확인
OK Button 확인
OK Button stringset 확인
OK Button 기능 확인
OK Button 동작 확인",True,True,True,True,False,False,False,True,True
KOCOWA 4.0,Setting Page,Birthday Area,"title text 확인
User Birthday 확인",True,True,True,True,False,False,False,True,True
KOCOWA 4.0,Setting Page,Category List Area,"Right indicator 확인
Right indicator 노출 여부 확인
항목 focus 시 동작 확인
진입 불가 항목 focus 시 동작 확인",True,True,True,True,False,False,False,True,True
KOCOWA 4.0,Setting Page,Delete Account POP UP,"title text 확인
sub text 확인
OK Button 확인
OK Button stringset 확인
OK Button 기능 확인
OK Button 동작 확인
Cancel Button 확인
Cancel Button stringset 확인
Cancel Button 기능 확인",True,True,True,True,False,False,False,True,True
KOCOWA 4.0,Setting Page,Delete All Favorites POP UP,"title text 확인
title text stringset 확인
sub text 확인
Default Settings 확인
Cancel Button 확인
Cancel Button stringset 확인
Cancel Button focus 시 UI 확인
Cancel Button 기능 확인
OK Button 확인
OK Button stringset 확인
OK Button focus 시 UI 확인
OK Button 선택 시 동작 확인
OK Button 기능 확인",True,True,True,True,False,False,False,True,True
KOCOWA 4.0,Setting Page,Delete All History POP UP,"title text 확인
title text stringset 확인
sub text 확인
Default Settings 확인
Cancel Button 확인
Cancel Button stringset 확인
Cancel Button focus 시 UI 확인
Cancel Button 기능 확인
OK Button 확인
OK Button stringset 확인
OK Button focus 시 UI 확인
OK Button 선택 시 동작 확인
OK Button 기능 확인",True,True,True,True,False,False,False,True,True
KOCOWA 4.0,Setting Page,Delete Data,"Delete Data 항목 확인
Delete Data 항목 stringset 확인
Delete Data 항목 기능 확인
Delete Data Screen 진입 가능 여부 확인",True,True,True,True,False,False,False,True,True
KOCOWA 4.0,Setting Page,Delete Data Screen,"Default Settings 확인
리모컨 취소 Button 입력 시 동작 확인
리모컨 위 방향키 입력 시 동작 확인
리모컨 아래 방향키 입력 시 동작 확인
리모컨 좌측 방향키 입력 시 동작 확인
리모컨 우측 방향키 입력 시 동작 확인",True,True,True,True,False,False,False,True,True
KOCOWA 4.0,Setting Page,Delete Search History POP UP,"title text 확인
title text stringset 확인
sub text 확인
Default Settings 확인
Cancel Button 확인
Cancel Button stringset 확인
Cancel Button focus 시 UI 확인
Cancel Button 기능 확인
OK Button 확인
OK Button stringset 확인
OK Button focus 시 UI 확인
OK Button 선택 시 동작 확인
OK Button 기능 확인",True,True,True,True,False,False,False,True,True
KOCOWA 4.0,Setting Page,Email Area,"title text 확인
User Email address 확인",True,True,True,True,False,False,False,True,True
KOCOWA 4.0,Setting Page,Favorite Conten Deletion Complete POP UP,"title text 확인
title text stringset 확인
OK Button 확인
OK Button stringset 확인
OK Button focus 시 UI 확인
OK Button 기능 확인",True,True,True,True,False,False,False,True,True
KOCOWA 4.0,Setting Page,Favorite Content Area,"title text 확인
title text stringset 확인
Delete Button 확인
Delete Button stringset 확인
Delete Button focus 시 UI 확인
Delete Button 기능 확인",True,True,True,True,False,False,False,True,True
KOCOWA 4.0,Setting Page,Functional Area,"Sign Out 항목 확인
Sign Out 항목 stringset 확인
Sign Out 항목 focus 시 UI 확인
Sign Out 항목 focus 시 동작 확인
Sign Out 항목 기능 확인
Build Version 확인
Profile Change Button 확인
Profile Change Button stringset 확인
Profile Change Button focus 시 UI 확인
Profile Change Button 기능 확인
Delete Account Button 확인
Delete Account Button stringset 확인
Delete Account Button focus 시 UI 확인
구독 시 Delete Account Button 기능 확인
구독 해제 시 Delete Account Button 기능 확인",True,True,True,True,False,False,False,True,True
KOCOWA 4.0,Setting Page,Gender Area,"title text 확인
User Gender 확인
Male 확인
Female 확인
Other 확인
Prefer not to say 확인",True,True,True,True,False,False,False,True,True
KOCOWA 4.0,Setting Page,General,"General 항목 확인
General 항목 stringset 확인
General 항목 기능 확인",True,True,True,True,False,False,False,True,True
KOCOWA 4.0,Setting Page,General Screen,"Default Settings 확인
리모컨 취소 Button 입력 시 동작 확인
리모컨 위 방향키 입력 시 동작 확인
리모컨 아래 방향키 입력 시 동작 확인
리모컨 좌측 방향키 입력 시 동작 확인
리모컨 우측 방향키 입력 시 동작 확인",True,True,True,True,False,False,False,True,True
KOCOWA 4.0,Setting Page,Help Center,"Help Center 항목 확인
Help Center 항목 stringset 확인
Right indicator 확인
Help Center 항목 focus 시 UI 확인
Help Center 항목 focus 시 리모컨 우측 방향키 동작 확인
Help Center 선택 시 동작 확인
Help Center 항목 기능 확인",True,True,True,True,False,False,False,True,True
KOCOWA 4.0,Setting Page,Interface Language,"title text 확인
English Button 확인
English Button focus 시 UI 확인
English Button 선택 시 동작 확인
English Button 선택 시 UI 확인
Português Button 확인
Português Button focus 시 UI 확인
Português Button 선택 시 동작 확인
Português Button 선택 시 UI 확인
Español Button 확인
Español Button focus 시 UI 확인
Español Button 선택 시 동작 확인
Español Button 선택 시 UI 확인
Chinese Button 확인
Chinese Button focus 시 UI 확인
Chinese Button 선택 시 동작 확인
Chinese Button 선택 시 UI 확인
Vietnamese Button 확인
Vietnamese Button focus 시 UI 확인
Vietnamese Button 선택 시 동작 확인
Vietnamese Button 선택 시 UI 확인",True,True,True,True,False,False,False,True,True
KOCOWA 4.0,Setting Page,Language Screen,"Default focus 확인
Default Interface Language Settings 확인
임의의 항목 선택 시 체크 표시 동작 확인
focus 이동 시 체크 표시 동작 확인
리모컨 취소 Button 입력 시 동작 확인
리모컨 위 방향키 입력 시 동작 확인
리모컨 아래 방향키 입력 시 동작 확인
Scroll Down 동작 확인
focus 최하단 이동 시 리모컨 아래 방향키 동작 확인
focus 하단 이동 시 리모컨 위 방향키 동작 확인
Scroll Up 동작 확인
리모컨 좌측 방향키 입력 시 동작 확인
리모컨 우측 방향키 입력 시 동작 확인",True,True,True,True,False,False,False,True,True
KOCOWA 4.0,Setting Page,Language Setting,"Language Setting 항목 확인
Language Setting 항목 stringset 확인
Language 항목 기능 확인",True,True,True,True,False,False,False,True,True
KOCOWA 4.0,Setting Page,My Account,"My Account 항목 확인
My Account 항목 stringset 확인
My Account 항목 기능 확인",True,True,True,True,False,False,False,True,True
KOCOWA 4.0,Setting Page,My Account Screen,"Default Settings 확인
리모컨 취소 Button 입력 시 동작 확인
리모컨 취소 Button 입력 시 동작 확인
리모컨 위 방향키 입력 시 동작 확인
리모컨 아래 방향키 입력 시 동작 확인
리모컨 좌측 방향키 입력 시 동작 확인
리모컨 우측 방향키 입력 시 동작 확인",True,True,True,True,False,False,False,True,True
KOCOWA 4.0,Setting Page,My subscription Area,"title text 확인
Absence Subscription inform text 확인
Absence Subscription inform text stringset 확인
Subscription item text 확인
Subscription item text UI 확인",True,True,True,True,False,False,False,True,True
KOCOWA 4.0,Setting Page,Name Area,"title text 확인
User Name 확인",True,True,True,True,False,False,False,True,True
KOCOWA 4.0,Setting Page,Next Billing Date Area,"Next Billing Date Area 노출 여부 확인
title text 확인
Cancel Plan 적용 시 title text 확인
User Next Billing Date 확인
User Next Billing Time 확인
User Time Zone 확인
User Next Billing Date text UI 확인
Local Time 적용 확인",True,True,True,True,False,False,False,True,True
KOCOWA 4.0,Setting Page,Payment,"Payment 항목 확인
Payment 항목 stringset 확인
Payment 항목 기능 확인",True,True,True,True,False,False,False,True,True
KOCOWA 4.0,Setting Page,Payment Method Area,"title text 확인
Card Number image 확인
Card Number text 확인
User Card Number 암호화 확인
User Card Number text 비암호화 확인
Mobile Device image 노출 여부 확인
App 결제 시 sub text 확인
Android text 확인
IOS text 확인
ROKU text 확인
Amazon text 확인
Inform text 확인",True,True,True,True,False,False,False,True,True
KOCOWA 4.0,Setting Page,Player Setting,"Player Setting 항목 확인
Player Setting 항목 stringset 확인
Right indicator 확인
Player Setting 항목 focus 시 UI 확인
Player Setting 항목 focus 시 리모컨 우측 방향키 동작 확인
Player Setting 선택 시 동작 확인
Player Setting 항목 기능 확인",True,True,True,True,False,False,False,True,True
KOCOWA 4.0,Setting Page,Privacy Policy,"Privacy Policy 항목 확인
Privacy Policy 항목 stringset 확인
Right indicator 확인
Privacy Policy 항목 focus 시 UI 확인
Privacy Policy 항목 focus 시 리모컨 우측 방향키 동작 확인
Privacy Policy 선택 시 동작 확인
Privacy Policy 항목 기능 확인",True,True,True,True,False,False,False,True,True
KOCOWA 4.0,Setting Page,Privacy Policy (Brazil),"Privacy Policy (Brazil) 항목 확인
Privacy Policy (Brazil) 항목 stringset 확인
Right indicator 확인
Privacy Policy (Brazil) 항목 focus 시 UI 확인
Privacy Policy (Brazil) 항목 focus 시 리모컨 우측 방향키 동작 확인
Privacy Policy (Brazil) 선택 시 동작 확인
Privacy Policy (Brazil) 항목 기능 확인",True,True,True,True,False,False,False,True,True
KOCOWA 4.0,Setting Page,Privacy Policy (Europe),"Privacy Policy (Europe) 항목 확인
Privacy Policy (Europe) 항목 stringset 확인
Right indicator 확인
Privacy Policy (Europe) 항목 focus 시 UI 확인
Privacy Policy (Europe) 항목 focus 시 리모컨 우측 방향키 동작 확인
Privacy Policy (Europe) 선택 시 동작 확인
Privacy Policy (Europe) 항목 기능 확인",True,True,True,True,False,False,False,True,True
KOCOWA 4.0,Setting Page,Privacy Policy (Oceania),"Privacy Policy (Oceania) 항목 확인
Privacy Policy (Oceania) 항목 stringset 확인
Right indicator 확인
Privacy Policy (Oceania) 항목 focus 시 UI 확인
Privacy Policy (Oceania) 항목 focus 시 리모컨 우측 방향키 동작 확인
Privacy Policy (Oceania) 선택 시 동작 확인
Privacy Policy (Oceania) 항목 기능 확인",True,True,True,True,False,False,False,True,True
KOCOWA 4.0,Setting Page,Ratings Guidelines,"Ratings Guidelines 항목 확인
Ratings Guidelines 항목 stringset 확인
Right indicator 확인
Ratings Guidelines 항목 focus 시 UI 확인
Ratings Guidelines 항목 focus 시 리모컨 우측 방향키 동작 확인
Ratings Guidelines 선택 시 동작 확인
Ratings Guidelines 항목 기능 확인",True,True,True,True,False,False,False,True,True
KOCOWA 4.0,Setting Page,Search History Area,"title text 확인
title text stringset 확인
Delete Button 확인
Delete Button stringset 확인
Delete Button focus 시 UI 확인
Delete Button 기능 확인",True,True,True,True,False,False,False,True,True
KOCOWA 4.0,Setting Page,Search History Deletion Complete POP UP,"title text 확인
title text stringset 확인
OK Button 확인
OK Button stringset 확인
OK Button focus 시 UI 확인
OK Button 기능 확인",True,True,True,True,False,False,False,True,True
KOCOWA 4.0,Setting Page,Sign Out POP UP,"Default Setting 확인
title text 확인
sub text 확인
OK Button 확인
OK Button UI 확인
OK Button stringset 확인
OK Button UI 확인
OK Button 선택 시 동작 확인
OK Button 기능 확인
Cancel Button 확인
Cancel Button UI 확인
Cancel Button stringset 확인
Cancel Button 기능 확인",True,True,True,True,False,False,False,True,True
KOCOWA 4.0,Setting Page,Terms of Use,"Terms of Use 항목 확인
Terms of Use 항목 stringset 확인
Right indicator 확인
Terms of Use 항목 focus 시 UI 확인
Terms of Use 항목 focus 시 리모컨 우측 방향키 동작 확인
Terms of Use 선택 시 동작 확인
Terms of Use 항목 기능 확인",True,True,True,True,False,False,False,True,True
KOCOWA 4.0,Setting Page,Top Area,"Back icon 확인
Back text 확인
Back text stringset 확인
title text 확인
title text stringset 확인",True,True,True,True,False,False,False,True,True
KOCOWA 4.0,Setting Page,Unable Delete POP UP,"sub text 확인
OK Button 확인
OK Button stringset 확인
OK Button 기능 확인",True,True,True,True,False,False,False,True,True
KOCOWA 4.0,Setting Page,Viewing History Area,"title text 확인
title text stringset 확인
Delete Button 확인
Delete Button stringset 확인
Delete Button focus 시 UI 확인
Delete Button 기능 확인",True,True,True,True,False,False,False,True,True
KOCOWA 4.0,Setting Page,Viewing History Deletion Complete POP UP,"title text 확인
title text stringset 확인
OK Button 확인
OK Button stringset 확인
OK Button focus 시 UI 확인
OK Button 기능 확인",True,True,True,True,False,False,False,True,True
KOCOWA 4.0,Setting Page,sub text,"sub text 확인
sub text stringset 확인
sub text 확인
sub text stringset 확인",True,True,True,True,False,False,False,True,True
KOCOWA 4.0,Setting Page,subtitle Language,"title text 확인
sub text 확인
English Button 확인
English Button focus 시 UI 확인
English Button 선택 시 동작 확인
English Button 선택 시 subtitle 변경 여부 확인
Português Button 확인
Português Button focus 시 UI 확인
Português Button 선택 시 동작 확인
Português Button 선택 시 subtitle 변경 여부 확인
Español Button 확인
Español Button focus 시 UI 확인
Español Button 선택 시 동작 확인
Español Button 선택 시 subtitle 변경 여부 확인
Chinese Button 확인
Chinese Button focus 시 UI 확인
Chinese Button 선택 시 동작 확인
Chinese Button 선택 시 subtitle 변경 여부 확인
Vietnamese Button 확인
Vietnamese Button focus 시 UI 확인
Vietnamese Button 선택 시 동작 확인
Vietnamese Button 선택 시 subtitle 변경 여부 확인
Off Button 확인
Off Button focus 시 UI 확인
Off Button 선택 시 동작 확인
Off Button 선택 시 subtitle 변경 여부 확인",True,True,True,True,False,False,False,True,True
KOCOWA 4.0,Sign In Page,Absence Email Error message text,"Email Error Message text 확인
Email Error Message text stringset 확인",True,True,True,True,False,False,False,True,True
KOCOWA 4.0,Sign In Page,Absence Password Error message text,"Password Error Message text 확인
Password Error Message text stringset 확인",True,True,True,True,False,False,False,True,True
KOCOWA 4.0,Sign In Page,Email Invalid Error message text,"Email Invalid Error message text 확인
Email Invalid Error message text stringset 확인",True,True,True,True,False,False,False,True,True
KOCOWA 4.0,Sign In Page,Encoding,"Show Password icon 확인
Show Password icon focus 시 UI 확인
Show Password icon 선택 시 UI 확인
Show Password icon 선택 시 동작 확인
Hide Password icon 확인
Hide Password icon focus 시 UI 확인
Hide Password icon 선택 시 UI 확인
Hide Password icon 선택 시 동작 확인",True,True,True,True,False,False,False,True,True
KOCOWA 4.0,Sign In Page,Facebook,"Facebook Sign In Button 확인
Facebook icon 확인
Facebook Sign In Button stringset 확인
Facebook Sign In Button focus 시 UI 확인
Facebook Sign In Button 기능 확인
Facebook Sign In Button 확인
Facebook icon 확인
Facebook Sign In Button stringset 확인
Facebook Sign In Button focus 시 UI 확인
Facebook Sign In Button 기능 확인",True,True,True,True,False,False,False,True,True
KOCOWA 4.0,Sign In Page,Forgot Password Button,"Forgot Password Button 확인
Forgot Password Button stringset 확인
Forgot Password text Button focus 시 UI 확인
Forgot Password text Button 기능 확인",True,True,True,True,False,False,False,True,True
KOCOWA 4.0,Sign In Page,Function Area,"Sign In Button 확인
Sign In Button UI 확인
Sign In Button focus 시 UI 확인
Sign In Button 선택 시 동작 확인
Sign In Button 기능 확인",True,True,True,True,False,False,False,True,True
KOCOWA 4.0,Sign In Page,Google,"Google Sign In Button 확인
Google icon 확인
Google Sign In Button stringset 확인
Google Sign In Button focus 시 UI 확인
Google Sign In Button 기능 확인",True,True,True,True,False,False,False,True,True
KOCOWA 4.0,Sign In Page,ID input Area,"title text 확인
input box 확인
Placeholder 확인
input box focus 시 UI 확인
input box 선택 시 동작 확인
User Vizio Account 확인",True,True,True,True,False,False,False,True,True
KOCOWA 4.0,Sign In Page,IME,"IME 호출 시 동작 확인
text 선택 시 동작 확인
text 입력 시 동작 확인
Delete Button 선택 시 동작 확인
text 삭제 시 동작 확인
Done Button 선택 시 동작 확인
text 미입력 시 Done Button 기능 확인
Done Button 기능 확인
리모컨 취소 Button 입력 시 동작 확인
IME 호출 시 동작 확인
text 선택 시 동작 확인
text 입력 시 동작 확인
Password text Limit 확인
Password 암호화 확인
Delete Button 선택 시 동작 확인
text 삭제 시 동작 확인
Done Button 선택 시 동작 확인
text 미입력 시 Done Button 기능 확인
Done Button 기능 확인
리모컨 취소 Button 입력 시 동작 확인",True,True,True,True,False,False,False,True,True
KOCOWA 4.0,Sign In Page,Inexistant Error message text,"Email Inexistan Error message text 확인
Email Inexistan Error message text stringset 확인",True,True,True,True,False,False,False,True,True
KOCOWA 4.0,Sign In Page,Invalid Password Message text,"Invalid Password Message text stringset 확인
Invalid Password Message text stringset 확인",True,True,True,True,False,False,False,True,True
KOCOWA 4.0,Sign In Page,Password Incorrect Error message text,"Password Incorrect Error message text 확인
Password Incorrect Error message text stringset 확인",True,True,True,True,False,False,False,True,True
KOCOWA 4.0,Sign In Page,Password input Area,"title text 확인
input box 확인
Placeholder 확인
input box focus 시 UI 확인
input box 선택 시 동작 확인",True,True,True,True,False,False,False,True,True
KOCOWA 4.0,Sign In Page,SNS LINK POP UP,"sub text 확인
Close Button 확인
Close Button focus 시 UI 확인
Close Button 기능 확인",True,True,True,True,False,False,False,True,True
KOCOWA 4.0,Sign In Page,Social Sign In Area,"sub text 확인
Division Line 확인",True,True,True,True,False,False,False,True,True
KOCOWA 4.0,Sign In Page,Validation,"Password text Limit 적용 시 동작 확인
Password Limit Error message text 확인
Password Limit Error message text UI 확인
Password Limit Error message text 동작 확인
Email 미입력 시 Sign In Button 기능 확인
At 미입력 시 Sign In Button 기능 확인
Domain 미입력 시 Sign In Button 기능 확인
Password 미입력 시 Sign In Button 기능 확인
Invalid Password 입력 시 Sign In Button 기능 확인
비유효 Password 입력 시 Sign In Button 기능 확인
Social 계정 정보 입력 시 Sign In Button 기능 확인
유효한 계정 정보 입력 시 Sign In Button 기능 확인",True,True,True,True,False,False,False,True,True
KOCOWA 4.0,Sign Up Page,Cancel Button,"Cancel Button 확인
Cancel Button stringset 확인
Cancel Button focus 시 UI 확인
Cancel Button 기능 확인",True,True,True,True,False,False,False,True,True
KOCOWA 4.0,Sign Up Page,Data Save,"Page 재진입 시 Account Data 저장 여부 확인
Page 재진입 시 Password Data 저장 여부 확인",True,True,True,True,False,False,False,True,True
KOCOWA 4.0,Sign Up Page,Email Already Registered message text,"Email Already Registered message text 확인
Email Already Registered message text stringset 확인",True,True,True,True,False,False,False,True,True
KOCOWA 4.0,Sign Up Page,Email Invalid Error message text,"Email Invalid Error message text 확인
Email Invalid Error message text stringset 확인",True,True,True,True,False,False,False,True,True
KOCOWA 4.0,Sign Up Page,Encoding,"Show Password icon 확인
Show Password icon focus 시 UI 확인
Show Password icon 선택 시 UI 확인
Show Password icon 선택 시 동작 확인
Hide Password icon 확인
Hide Password icon focus 시 UI 확인
Hide Password icon 선택 시 UI 확인
Hide Password icon 선택 시 동작 확인",True,True,True,True,False,False,False,True,True
KOCOWA 4.0,Sign Up Page,Name Limit Error message text,"Name Limit Error message text 확인
Name Limit Error message text stringset 확인",True,True,True,True,False,False,False,True,True
KOCOWA 4.0,Sign Up Page,Next Button,"Next Button 확인
Next Button stringset 확인
Dimmed Next Button focus 가능 여부 확인
Unvalid Account Data 입력 시 동작 확인
Valid Account Data 입력 시 동작 확인
Next Button focus 시 UI 확인
Next Button 기능 확인",True,True,True,True,False,False,False,True,True
KOCOWA 4.0,Sign Up Page,Password Limit Error message text,"Password 6자 미만 입력 시 동작 확인
Password 21자 이상 입력 시 동작 확인
Password Limit Error message text 확인
Password Limit Error message text stringset 확인",True,True,True,True,False,False,False,True,True
KOCOWA 4.0,Sign Up Page,Privacy Policy POP UP,"title text 확인
Shield icon 확인
Division Line 확인
Roku Privacy policy 확인
Roku Privacy policy link 확인
KOCOWA Privacy policy 확인
KOCOWA Privacy policy link 확인
Back Button 확인
Back Button stringset 확인
Back Button focus 시 UI 확인
Back Button 기능 확인",True,True,True,True,False,False,False,True,True
KOCOWA 4.0,Sign Up Page,ROKU Sign Up POP UP,"title text 확인
Shield icon 확인
Division Line 확인
sub text 확인
Build Version 확인
Continue Button 확인
Continue Button stringset 확인
Continue Button focus 시 UI 확인
Continue Button 기능 확인
Cancel Button 확인
Cancel Button stringset 확인
Cancel Button focus 시 UI 확인
Cancel Button 기능 확인
Privacy policy Button 확인
Privacy policy Button stringset 확인
Privacy policy Button focus 시 UI 확인
Privacy policy Button 기능 확인
리모컨 취소 Button 입력 시 동작 확인",True,True,True,True,False,False,False,True,True
KOCOWA 4.0,Sign Up Page,Social Sign Up,"Division Line 확인
title text 확인
Division Line 확인
title text 확인
Division Line 확인
title text 확인
Apple Social Sign Up Button 확인
Apple icon 확인
Apple Social Sign Up Button stringset 확인
Apple Social Sign Up Button focus 시 UI 확인
Apple Social Sign Up Button 기능 확인
Apple Social Sign Up 동작 확인
ROKU Social Sign Up Button 기능 확인
ROKU Social Sign Up 동작 확인
Google Social Sign Up 동작 확인
Apple Social Sign Up 동작 확인
Facebook Social Sign Up 동작 확인",True,True,True,True,False,False,False,True,True
KOCOWA 4.0,Sign Up Page,Validation,"Social 계정 정보 입력 시 Next Button 기능 확인
Multi-Profile Main Page 진입 동작 확인",True,True,True,True,False,False,False,True,True
KOCOWA 4.0,Splash Screen,Get Started,"Get Started Page 진입 동작 확인
미결제 시 Initial Page 진입 동작 확인
Home Main Page 진입 동작 확인
Network 미연결 시 동작 확인",True,True,True,True,False,False,False,True,True
KOCOWA 4.0,Terms of Use Page,Accept Button,"Accept Button 확인
Accept Button stringset 확인
Accept Button focus 시 UI 확인
Accept Button 기능 확인",True,True,True,True,False,False,False,True,True
KOCOWA 4.0,Terms of Use Page,Back Button,"Back Button 확인
Back Button stringset 확인
Back Button focus 시 UI 확인
Back Button 기능 확인",True,True,True,True,False,False,False,True,True
KOCOWA 4.0,Terms of Use Page,Content Area,"text Paragraph 확인
Page indicator 확인
Page indicator UI 확인
리모컨 취소 Button 입력 시 동작 확인
Scroll Up 동작 가능 여부 확인
Scroll Down 동작 확인
Scroll Down 동작 가능 여부 확인
Scroll Up 동작 확인",True,True,True,True,False,False,False,True,True
KOCOWA 4.0,Terms of Use Page,Top Area,"리모컨 위 방향키 입력 시 동작 확인
리모컨 아래 방향키 입력 시 동작 확인
리모컨 좌측 방향키 입력 시 동작 확인
리모컨 우측 방향키 입력 시 동작 확인
KOCOWA Logo 확인
title text 확인
title text stringset 확인",True,True,True,True,False,False,False,True,True
KOCOWA 4.0,VARIETY Channel Page,Content List Area,"Scroll Down 동작 확인
Scroll Up 동작 확인
poster image 확인
poster image focus 시 UI 확인
poster image 기능 확인",True,True,True,True,False,False,False,True,True
KOCOWA 4.0,VARIETY Channel Page,Sorting Button,"Default Setting 확인
Sorting Button 확인
Sorting Button icon 확인
Sorting Button text 확인
Sorting Button focus 시 UI 확인
Sorting Button 기능 확인",True,True,True,True,False,False,False,True,True
KOCOWA 4.0,VARIETY Channel Page,Sorting POP UP,"Default Setting 확인
Check icon 확인
리모컨 아래 방향키 입력 시 동작 확인
리모컨 위 방향키 입력 시 동작 확인
리모컨 우측 방향키 입력 시 focus 확인
리모컨 좌측 방향키 입력 시 동작 확인
Scroll Down 동작 확인
Scroll Up 동작 확인
리모컨 취소 Button 입력 시 동작 확인
Newest 항목 확인
Newest 항목 stringset 확인
Newest 항목 focus 시 UI 확인
Newest 항목 선택 시 동작 확인
Newest 항목 기능 확인
Sort by A-Z 항목 확인
Sort by A-Z 항목 stringset 확인
Sort by A-Z 항목 focus 시 UI 확인
Sort by A-Z 항목 선택 시 동작 확인
Sort by A-Z 항목 기능 확인
Sort by Z-A 항목 확인
Sort by Z-A 항목 stringset 확인
Sort by Z-A 항목 focus 시 UI 확인
Sort by Z-A 항목 선택 시 동작 확인
Sort by Z-A 항목 기능 확인",True,True,True,True,False,False,False,True,True
KOCOWA 4.0,VARIETY Channel Page,Top Area,Division Line 확인,True,True,True,True,False,False,False,True,True
KOCOWA 4.0,VARIETY Channel Page,Update Soon Screen,"Speech Bubble icon 확인
sub text 확인",True,True,True,True,False,False,False,True,True
KOCOWA 4.0,WELCOME TO KOCOWA Page,Home Button,"Home Button 확인
Home Button stringset 확인
Home Button focus 시 동작 확인
Home Button 선택 시 동작 확인
Home Button 기능 확인",True,True,True,True,False,False,False,True,True
KOCOWA 4.0,WELCOME TO KOCOWA Page,Subscribe Button,"Subscribe Button 확인
Subscribe Button stringset 확인
Subscribe Button focus 시 동작 확인
Subscribe Button 선택 시 동작 확인
Subscribe Button 기능 확인",True,True,True,True,False,False,False,True,True
